,Time,NonPr,Printable,Materials,Env_Materials,#Replicator,#Normal,#Assembler,#Printer,#Assembling,#Printing,#Collecting,#Idle,#Repair,#In,#Out,Average Build Quality in-service,Average Build Quality of System,#WasteReplicator,#WasteNormal,#WasteAssembler,#WastePrinter,Environment Exhaust Time,Printable Exhaust Time,NonPr Exhaust Time,Material Exhaust Time,Average Risk,Print Capacity,Assembling Capacity,Collection Capacity,#Tasks before failure
0,0.0,299.0,99.0,49.0,500.0,0.0,0.0,1.0,1.0,1.0,1.0,0.0,0.0,0.0,2.0,0.0,0.878,0.878,0.0,0.0,0.0,0.0,0.0,0.0,0.0,0.0,0.5,1.0,1.0,2.0,2
1,1.0,299.0,99.0,49.0,500.0,0.0,0.0,1.0,1.0,1.0,1.0,0.0,0.0,0.0,2.0,0.0,0.878,0.878,0.0,0.0,0.0,0.0,0.0,0.0,0.0,0.0,0.5,1.0,1.0,2.0,2
2,2.0,298.0,98.0,49.0,499.0,0.0,1.0,1.0,1.0,1.0,1.0,1.0,0.0,0.0,3.0,0.0,0.878,0.878,0.0,0.0,0.0,0.0,0.0,0.0,0.0,0.0,0.6666666666666666,1.0,1.0,3.0,2
3,3.0,298.0,98.0,50.0,498.0,0.0,1.0,1.0,1.0,1.0,1.0,1.0,0.0,0.0,3.0,0.0,0.878,0.878,0.0,0.0,0.0,0.0,0.0,0.0,0.0,0.0,0.6666666666666666,1.0,1.0,3.0,2
4,4.0,298.0,98.0,51.0,497.0,0.0,2.0,1.0,1.0,0.0,0.0,1.0,0.0,3.0,4.0,0.0,0.878,0.878,0.0,0.0,0.0,0.0,0.0,0.0,0.0,0.0,0.75,1.0,1.0,4.0,2
5,5.0,298.0,98.0,53.0,495.0,0.0,2.0,1.0,1.0,0.0,0.0,2.0,0.0,2.0,4.0,0.0,0.878,0.878,0.0,0.0,0.0,0.0,0.0,0.0,0.0,0.0,0.75,1.0,1.0,4.0,2
6,6.0,297.0,97.0,53.0,494.0,0.0,2.0,1.0,1.0,1.0,1.0,1.0,0.0,1.0,4.0,0.0,0.878,0.878,0.0,0.0,0.0,0.0,0.0,0.0,0.0,0.0,0.75,1.0,1.0,4.0,2
7,7.0,297.0,97.0,54.0,493.0,0.0,2.0,1.0,1.0,1.0,1.0,1.0,0.0,1.0,4.0,0.0,0.878,0.878,0.0,0.0,0.0,0.0,0.0,0.0,0.0,0.0,0.75,1.0,1.0,4.0,2
8,8.0,296.0,96.0,56.0,490.0,0.0,3.0,1.0,1.0,1.0,1.0,3.0,0.0,0.0,5.0,0.0,0.878,0.878,0.0,0.0,0.0,0.0,0.0,0.0,0.0,0.0,0.8,1.0,1.0,5.0,2
9,9.0,296.0,96.0,58.0,488.0,0.0,3.0,1.0,1.0,1.0,1.0,2.0,0.0,1.0,5.0,0.0,0.878,0.878,0.0,0.0,0.0,0.0,0.0,0.0,0.0,0.0,0.8,1.0,1.0,5.0,2
10,10.0,296.0,96.0,60.0,486.0,0.0,4.0,1.0,1.0,0.0,0.0,2.0,0.0,4.0,6.0,0.0,0.878,0.878,0.0,0.0,0.0,0.0,0.0,0.0,0.0,0.0,0.8333333333333334,1.0,1.0,6.0,2
11,11.0,296.0,96.0,64.0,482.0,0.0,4.0,1.0,1.0,0.0,0.0,4.0,0.0,2.0,6.0,0.0,0.878,0.878,0.0,0.0,0.0,0.0,0.0,0.0,0.0,0.0,0.8333333333333334,1.0,1.0,6.0,2
12,12.0,295.0,95.0,65.0,480.0,0.0,4.0,1.0,1.0,1.0,1.0,2.0,0.0,2.0,6.0,0.0,0.878,0.878,0.0,0.0,0.0,0.0,0.0,0.0,0.0,0.0,0.8333333333333334,1.0,1.0,6.0,2
13,13.0,295.0,95.0,67.0,478.0,0.0,4.0,1.0,1.0,1.0,1.0,2.0,0.0,2.0,6.0,0.0,0.878,0.878,0.0,0.0,0.0,0.0,0.0,0.0,0.0,0.0,0.8333333333333334,1.0,1.0,6.0,2
14,14.0,294.0,94.0,71.0,473.0,0.0,5.0,1.0,1.0,1.0,1.0,5.0,0.0,0.0,7.0,0.0,0.878,0.878,0.0,0.0,0.0,0.0,0.0,0.0,0.0,0.0,0.8571428571428571,1.0,1.0,7.0,2
15,15.0,294.0,94.0,74.0,470.0,0.0,5.0,1.0,1.0,1.0,1.0,3.0,0.0,2.0,7.0,0.0,0.878,0.878,0.0,0.0,0.0,0.0,0.0,0.0,0.0,0.0,0.8571428571428571,1.0,1.0,7.0,2
16,16.0,294.0,94.0,77.0,467.0,0.0,6.0,1.0,1.0,0.0,0.0,3.0,0.0,5.0,8.0,0.0,0.878,0.878,0.0,0.0,0.0,0.0,0.0,0.0,0.0,0.0,0.875,1.0,1.0,8.0,2
17,17.0,294.0,94.0,83.0,461.0,0.0,6.0,1.0,1.0,0.0,0.0,6.0,0.0,2.0,8.0,0.0,0.878,0.878,0.0,0.0,0.0,0.0,0.0,0.0,0.0,0.0,0.875,1.0,1.0,8.0,2
18,18.0,293.0,93.0,85.0,458.0,0.0,6.0,1.0,1.0,1.0,1.0,3.0,0.0,3.0,8.0,0.0,0.878,0.878,0.0,0.0,0.0,0.0,0.0,0.0,0.0,0.0,0.875,1.0,1.0,8.0,2
19,19.0,293.0,93.0,88.0,455.0,0.0,6.0,1.0,1.0,1.0,1.0,3.0,0.0,3.0,8.0,0.0,0.878,0.878,0.0,0.0,0.0,0.0,0.0,0.0,0.0,0.0,0.875,1.0,1.0,8.0,2
20,20.0,292.0,92.0,94.0,448.0,0.0,7.0,1.0,1.0,1.0,1.0,7.0,0.0,0.0,9.0,0.0,0.878,0.878,0.0,0.0,0.0,0.0,0.0,0.0,0.0,0.0,0.8888888888888888,1.0,1.0,9.0,2
21,21.0,292.0,92.0,98.0,444.0,0.0,7.0,1.0,1.0,1.0,1.0,4.0,0.0,3.0,9.0,0.0,0.878,0.878,0.0,0.0,0.0,0.0,0.0,0.0,0.0,0.0,0.8888888888888888,1.0,1.0,9.0,2
22,22.0,292.0,92.0,102.0,440.0,0.0,8.0,1.0,1.0,0.0,0.0,4.0,0.0,6.0,10.0,0.0,0.878,0.878,0.0,0.0,0.0,0.0,0.0,0.0,0.0,0.0,0.9,1.0,1.0,10.0,2
23,23.0,292.0,92.0,110.0,432.0,0.0,8.0,1.0,1.0,0.0,0.0,8.0,0.0,2.0,10.0,0.0,0.878,0.878,0.0,0.0,0.0,0.0,0.0,0.0,0.0,0.0,0.9,1.0,1.0,10.0,2
24,24.0,291.0,91.0,113.0,428.0,0.0,8.0,1.0,1.0,1.0,1.0,4.0,0.0,4.0,10.0,0.0,0.878,0.878,0.0,0.0,0.0,0.0,0.0,0.0,0.0,0.0,0.9,1.0,1.0,10.0,2
25,25.0,291.0,91.0,117.0,424.0,0.0,8.0,1.0,1.0,1.0,1.0,4.0,0.0,4.0,10.0,0.0,0.878,0.878,0.0,0.0,0.0,0.0,0.0,0.0,0.0,0.0,0.9,1.0,1.0,10.0,2
26,26.0,290.0,90.0,125.0,415.0,0.0,9.0,1.0,1.0,1.0,1.0,9.0,0.0,0.0,11.0,0.0,0.878,0.878,0.0,0.0,0.0,0.0,0.0,0.0,0.0,0.0,0.9090909090909091,1.0,1.0,11.0,2
27,27.0,290.0,90.0,130.0,410.0,0.0,9.0,1.0,1.0,1.0,1.0,5.0,0.0,4.0,11.0,0.0,0.878,0.878,0.0,0.0,0.0,0.0,0.0,0.0,0.0,0.0,0.9090909090909091,1.0,1.0,11.0,2
28,28.0,290.0,90.0,135.0,405.0,0.0,10.0,1.0,1.0,0.0,0.0,5.0,0.0,7.0,12.0,0.0,0.878,0.878,0.0,0.0,0.0,0.0,0.0,0.0,0.0,0.0,0.9166666666666666,1.0,1.0,12.0,2
29,29.0,290.0,90.0,145.0,395.0,0.0,10.0,1.0,1.0,0.0,0.0,10.0,0.0,2.0,12.0,0.0,0.878,0.878,0.0,0.0,0.0,0.0,0.0,0.0,0.0,0.0,0.9166666666666666,1.0,1.0,12.0,2
30,30.0,289.0,89.0,149.0,390.0,0.0,10.0,1.0,1.0,1.0,1.0,5.0,0.0,5.0,12.0,0.0,0.878,0.878,0.0,0.0,0.0,0.0,0.0,0.0,0.0,0.0,0.9166666666666666,1.0,1.0,12.0,2
31,31.0,289.0,89.0,154.0,385.0,0.0,10.0,1.0,1.0,1.0,1.0,5.0,0.0,5.0,12.0,0.0,0.878,0.878,0.0,0.0,0.0,0.0,0.0,0.0,0.0,0.0,0.9166666666666666,1.0,1.0,12.0,2
32,32.0,288.0,88.0,164.0,374.0,0.0,11.0,1.0,1.0,1.0,1.0,11.0,0.0,0.0,13.0,0.0,0.878,0.878,0.0,0.0,0.0,0.0,0.0,0.0,0.0,0.0,0.9230769230769231,1.0,1.0,13.0,2
33,33.0,288.0,88.0,170.0,368.0,0.0,11.0,1.0,1.0,1.0,1.0,6.0,0.0,5.0,13.0,0.0,0.878,0.878,0.0,0.0,0.0,0.0,0.0,0.0,0.0,0.0,0.9230769230769231,1.0,1.0,13.0,2
34,34.0,288.0,88.0,176.0,362.0,0.0,12.0,1.0,1.0,0.0,0.0,6.0,0.0,8.0,14.0,0.0,0.878,0.878,0.0,0.0,0.0,0.0,0.0,0.0,0.0,0.0,0.9285714285714286,1.0,1.0,14.0,2
35,35.0,288.0,88.0,188.0,350.0,0.0,12.0,1.0,1.0,0.0,0.0,12.0,0.0,2.0,14.0,0.0,0.878,0.878,0.0,0.0,0.0,0.0,0.0,0.0,0.0,0.0,0.9285714285714286,1.0,1.0,14.0,2
36,36.0,287.0,87.0,193.0,344.0,0.0,12.0,1.0,1.0,1.0,1.0,6.0,0.0,6.0,14.0,0.0,0.878,0.878,0.0,0.0,0.0,0.0,0.0,0.0,0.0,0.0,0.9285714285714286,1.0,1.0,14.0,2
37,37.0,287.0,87.0,199.0,338.0,0.0,12.0,1.0,1.0,1.0,1.0,6.0,0.0,6.0,14.0,0.0,0.878,0.878,0.0,0.0,0.0,0.0,0.0,0.0,0.0,0.0,0.9285714285714286,1.0,1.0,14.0,2
38,38.0,286.0,86.0,211.0,325.0,0.0,13.0,1.0,1.0,1.0,1.0,13.0,0.0,0.0,15.0,0.0,0.878,0.878,0.0,0.0,0.0,0.0,0.0,0.0,0.0,0.0,0.9333333333333333,1.0,1.0,15.0,2
39,39.0,286.0,86.0,218.0,318.0,0.0,13.0,1.0,1.0,1.0,1.0,7.0,0.0,6.0,15.0,0.0,0.878,0.878,0.0,0.0,0.0,0.0,0.0,0.0,0.0,0.0,0.9333333333333333,1.0,1.0,15.0,2
40,40.0,286.0,86.0,225.0,311.0,0.0,14.0,1.0,1.0,0.0,0.0,7.0,0.0,9.0,16.0,0.0,0.878,0.878,0.0,0.0,0.0,0.0,0.0,0.0,0.0,0.0,0.9375,1.0,1.0,16.0,2
41,41.0,286.0,86.0,239.0,297.0,0.0,14.0,1.0,1.0,0.0,0.0,14.0,0.0,2.0,16.0,0.0,0.878,0.878,0.0,0.0,0.0,0.0,0.0,0.0,0.0,0.0,0.9375,1.0,1.0,16.0,2
42,42.0,285.0,85.0,245.0,290.0,0.0,14.0,1.0,1.0,1.0,1.0,7.0,0.0,7.0,16.0,0.0,0.878,0.878,0.0,0.0,0.0,0.0,0.0,0.0,0.0,0.0,0.9375,1.0,1.0,16.0,2
43,43.0,285.0,85.0,252.0,283.0,0.0,14.0,1.0,1.0,1.0,1.0,7.0,0.0,7.0,16.0,0.0,0.878,0.878,0.0,0.0,0.0,0.0,0.0,0.0,0.0,0.0,0.9375,1.0,1.0,16.0,2
44,44.0,284.0,84.0,266.0,268.0,0.0,15.0,1.0,1.0,1.0,1.0,15.0,0.0,0.0,17.0,0.0,0.878,0.878,0.0,0.0,0.0,0.0,0.0,0.0,0.0,0.0,0.9411764705882353,1.0,1.0,17.0,2
45,45.0,284.0,84.0,274.0,260.0,0.0,15.0,1.0,1.0,1.0,1.0,8.0,0.0,7.0,17.0,0.0,0.878,0.878,0.0,0.0,0.0,0.0,0.0,0.0,0.0,0.0,0.9411764705882353,1.0,1.0,17.0,2
46,46.0,284.0,84.0,282.0,252.0,0.0,16.0,1.0,1.0,0.0,0.0,8.0,0.0,10.0,18.0,0.0,0.878,0.878,0.0,0.0,0.0,0.0,0.0,0.0,0.0,0.0,0.9444444444444444,1.0,1.0,18.0,2
47,47.0,284.0,84.0,298.0,236.0,0.0,16.0,1.0,1.0,0.0,0.0,16.0,0.0,2.0,18.0,0.0,0.878,0.878,0.0,0.0,0.0,0.0,0.0,0.0,0.0,0.0,0.9444444444444444,1.0,1.0,18.0,2
48,48.0,283.0,83.0,305.0,228.0,0.0,16.0,1.0,1.0,1.0,1.0,8.0,0.0,8.0,18.0,0.0,0.878,0.878,0.0,0.0,0.0,0.0,0.0,0.0,0.0,0.0,0.9444444444444444,1.0,1.0,18.0,2
49,49.0,283.0,83.0,313.0,220.0,0.0,16.0,1.0,1.0,1.0,1.0,8.0,0.0,8.0,18.0,0.0,0.878,0.878,0.0,0.0,0.0,0.0,0.0,0.0,0.0,0.0,0.9444444444444444,1.0,1.0,18.0,2
50,50.0,282.0,82.0,329.0,203.0,0.0,17.0,1.0,1.0,1.0,1.0,17.0,0.0,0.0,19.0,0.0,0.878,0.878,0.0,0.0,0.0,0.0,0.0,0.0,0.0,0.0,0.9473684210526315,1.0,1.0,19.0,2
51,51.0,282.0,82.0,338.0,194.0,0.0,17.0,1.0,1.0,1.0,1.0,9.0,0.0,8.0,19.0,0.0,0.878,0.878,0.0,0.0,0.0,0.0,0.0,0.0,0.0,0.0,0.9473684210526315,1.0,1.0,19.0,2
52,52.0,282.0,82.0,347.0,185.0,0.0,18.0,1.0,1.0,0.0,0.0,9.0,0.0,11.0,20.0,0.0,0.878,0.878,0.0,0.0,0.0,0.0,0.0,0.0,0.0,0.0,0.95,1.0,1.0,20.0,2
53,53.0,282.0,82.0,365.0,167.0,0.0,18.0,1.0,1.0,0.0,0.0,18.0,0.0,2.0,20.0,0.0,0.878,0.878,0.0,0.0,0.0,0.0,0.0,0.0,0.0,0.0,0.95,1.0,1.0,20.0,2
54,54.0,281.0,81.0,373.0,158.0,0.0,18.0,1.0,1.0,1.0,1.0,9.0,0.0,9.0,20.0,0.0,0.878,0.878,0.0,0.0,0.0,0.0,0.0,0.0,0.0,0.0,0.95,1.0,1.0,20.0,2
55,55.0,281.0,81.0,382.0,149.0,0.0,18.0,1.0,1.0,1.0,1.0,9.0,0.0,9.0,20.0,0.0,0.878,0.878,0.0,0.0,0.0,0.0,0.0,0.0,0.0,0.0,0.95,1.0,1.0,20.0,2
56,56.0,280.0,80.0,400.0,130.0,0.0,19.0,1.0,1.0,1.0,1.0,19.0,0.0,0.0,21.0,0.0,0.878,0.878,0.0,0.0,0.0,0.0,0.0,0.0,0.0,0.0,0.9523809523809523,1.0,1.0,21.0,2
57,57.0,280.0,80.0,410.0,120.0,0.0,19.0,1.0,1.0,1.0,1.0,10.0,0.0,9.0,21.0,0.0,0.878,0.878,0.0,0.0,0.0,0.0,0.0,0.0,0.0,0.0,0.9523809523809523,1.0,1.0,21.0,2
58,58.0,280.0,80.0,420.0,110.0,0.0,20.0,1.0,1.0,0.0,0.0,10.0,0.0,12.0,22.0,0.0,0.878,0.878,0.0,0.0,0.0,0.0,0.0,0.0,0.0,0.0,0.9545454545454546,1.0,1.0,22.0,2
59,59.0,280.0,80.0,440.0,90.0,0.0,20.0,1.0,1.0,0.0,0.0,20.0,0.0,2.0,22.0,0.0,0.878,0.878,0.0,0.0,0.0,0.0,0.0,0.0,0.0,0.0,0.9545454545454546,1.0,1.0,22.0,2
60,60.0,279.0,79.0,449.0,80.0,0.0,20.0,1.0,1.0,1.0,1.0,10.0,0.0,10.0,22.0,0.0,0.878,0.878,0.0,0.0,0.0,0.0,0.0,0.0,0.0,0.0,0.9545454545454546,1.0,1.0,22.0,2
61,61.0,279.0,79.0,459.0,70.0,0.0,20.0,1.0,1.0,1.0,1.0,10.0,0.0,10.0,22.0,0.0,0.878,0.878,0.0,0.0,0.0,0.0,0.0,0.0,0.0,0.0,0.9545454545454546,1.0,1.0,22.0,2
62,62.0,278.0,78.0,479.0,49.0,0.0,21.0,1.0,1.0,1.0,1.0,21.0,0.0,0.0,23.0,0.0,0.878,0.878,0.0,0.0,0.0,0.0,0.0,0.0,0.0,0.0,0.9565217391304348,1.0,1.0,23.0,2
63,63.0,278.0,78.0,490.0,38.0,0.0,21.0,1.0,1.0,1.0,1.0,11.0,0.0,10.0,23.0,0.0,0.878,0.878,0.0,0.0,0.0,0.0,0.0,0.0,0.0,0.0,0.9565217391304348,1.0,1.0,23.0,2
64,64.0,278.0,78.0,501.0,27.0,0.0,22.0,1.0,1.0,0.0,0.0,11.0,0.0,13.0,24.0,0.0,0.878,0.878,0.0,0.0,0.0,0.0,0.0,0.0,0.0,0.0,0.9583333333333334,1.0,1.0,24.0,2
65,65.0,278.0,78.0,523.0,5.0,0.0,22.0,1.0,1.0,0.0,0.0,22.0,0.0,2.0,24.0,0.0,0.878,0.878,0.0,0.0,0.0,0.0,0.0,0.0,0.0,0.0,0.9583333333333334,1.0,1.0,24.0,2
66,66.0,277.0,77.0,527.0,0.0,0.0,22.0,1.0,1.0,1.0,1.0,5.0,13.0,4.0,24.0,0.0,0.878,0.878,0.0,0.0,0.0,0.0,66.0,0.0,0.0,0.0,0.4166666666666667,1.0,1.0,24.0,2
67,67.0,277.0,77.0,527.0,0.0,0.0,22.0,1.0,1.0,1.0,1.0,0.0,22.0,0.0,24.0,0.0,0.878,0.878,0.0,0.0,0.0,0.0,66.0,0.0,0.0,0.0,0.041666666666666664,1.0,1.0,24.0,2
68,68.0,276.0,76.0,526.0,0.0,0.0,23.0,1.0,1.0,1.0,1.0,0.0,23.0,0.0,25.0,0.0,0.878,0.878,0.0,0.0,0.0,0.0,66.0,0.0,0.0,0.0,0.04,1.0,1.0,25.0,2
69,69.0,276.0,76.0,526.0,0.0,0.0,23.0,1.0,1.0,1.0,1.0,0.0,23.0,0.0,25.0,0.0,0.878,0.878,0.0,0.0,0.0,0.0,66.0,0.0,0.0,0.0,0.04,1.0,1.0,25.0,2
70,70.0,276.0,76.0,526.0,0.0,0.0,24.0,1.0,1.0,0.0,0.0,0.0,24.0,2.0,26.0,0.0,0.878,0.878,0.0,0.0,0.0,0.0,66.0,0.0,0.0,0.0,0.038461538461538464,1.0,1.0,26.0,2
71,71.0,276.0,76.0,526.0,0.0,0.0,24.0,1.0,1.0,0.0,0.0,0.0,24.0,2.0,26.0,0.0,0.878,0.878,0.0,0.0,0.0,0.0,66.0,0.0,0.0,0.0,0.038461538461538464,1.0,1.0,26.0,2
72,72.0,275.0,75.0,525.0,0.0,0.0,24.0,1.0,1.0,1.0,1.0,0.0,24.0,0.0,26.0,0.0,0.878,0.878,0.0,0.0,0.0,0.0,66.0,0.0,0.0,0.0,0.038461538461538464,1.0,1.0,26.0,2
73,73.0,275.0,75.0,525.0,0.0,0.0,24.0,1.0,1.0,1.0,1.0,0.0,24.0,0.0,26.0,0.0,0.878,0.878,0.0,0.0,0.0,0.0,66.0,0.0,0.0,0.0,0.038461538461538464,1.0,1.0,26.0,2
74,74.0,274.0,74.0,524.0,0.0,0.0,25.0,1.0,1.0,1.0,1.0,0.0,25.0,0.0,27.0,0.0,0.878,0.878,0.0,0.0,0.0,0.0,66.0,0.0,0.0,0.0,0.037037037037037035,1.0,1.0,27.0,2
75,75.0,274.0,74.0,524.0,0.0,0.0,25.0,1.0,1.0,1.0,1.0,0.0,25.0,0.0,27.0,0.0,0.878,0.878,0.0,0.0,0.0,0.0,66.0,0.0,0.0,0.0,0.037037037037037035,1.0,1.0,27.0,2
76,76.0,274.0,74.0,524.0,0.0,0.0,26.0,1.0,1.0,0.0,0.0,0.0,26.0,2.0,28.0,0.0,0.878,0.878,0.0,0.0,0.0,0.0,66.0,0.0,0.0,0.0,0.03571428571428571,1.0,1.0,28.0,2
77,77.0,274.0,74.0,524.0,0.0,0.0,26.0,1.0,1.0,0.0,0.0,0.0,26.0,2.0,28.0,0.0,0.878,0.878,0.0,0.0,0.0,0.0,66.0,0.0,0.0,0.0,0.03571428571428571,1.0,1.0,28.0,2
78,78.0,273.0,73.0,523.0,0.0,0.0,26.0,1.0,1.0,1.0,1.0,0.0,26.0,0.0,28.0,0.0,0.878,0.878,0.0,0.0,0.0,0.0,66.0,0.0,0.0,0.0,0.03571428571428571,1.0,1.0,28.0,2
79,79.0,273.0,73.0,523.0,0.0,0.0,26.0,1.0,1.0,1.0,1.0,0.0,26.0,0.0,28.0,0.0,0.878,0.878,0.0,0.0,0.0,0.0,66.0,0.0,0.0,0.0,0.03571428571428571,1.0,1.0,28.0,2
80,80.0,272.0,72.0,522.0,0.0,0.0,27.0,1.0,1.0,1.0,1.0,0.0,27.0,0.0,29.0,0.0,0.878,0.878,0.0,0.0,0.0,0.0,66.0,0.0,0.0,0.0,0.034482758620689655,1.0,1.0,29.0,2
81,81.0,272.0,72.0,522.0,0.0,0.0,27.0,1.0,1.0,1.0,1.0,0.0,27.0,0.0,29.0,0.0,0.878,0.878,0.0,0.0,0.0,0.0,66.0,0.0,0.0,0.0,0.034482758620689655,1.0,1.0,29.0,2
82,82.0,272.0,72.0,522.0,0.0,0.0,28.0,1.0,1.0,0.0,0.0,0.0,28.0,2.0,30.0,0.0,0.878,0.878,0.0,0.0,0.0,0.0,66.0,0.0,0.0,0.0,0.03333333333333333,1.0,1.0,30.0,2
83,83.0,272.0,72.0,522.0,0.0,0.0,28.0,1.0,1.0,0.0,0.0,0.0,28.0,2.0,30.0,0.0,0.878,0.878,0.0,0.0,0.0,0.0,66.0,0.0,0.0,0.0,0.03333333333333333,1.0,1.0,30.0,2
84,84.0,271.0,71.0,521.0,0.0,0.0,28.0,1.0,1.0,1.0,1.0,0.0,28.0,0.0,30.0,0.0,0.878,0.878,0.0,0.0,0.0,0.0,66.0,0.0,0.0,0.0,0.03333333333333333,1.0,1.0,30.0,2
85,85.0,271.0,71.0,521.0,0.0,0.0,28.0,1.0,1.0,1.0,1.0,0.0,28.0,0.0,30.0,0.0,0.878,0.878,0.0,0.0,0.0,0.0,66.0,0.0,0.0,0.0,0.03333333333333333,1.0,1.0,30.0,2
86,86.0,270.0,70.0,520.0,0.0,0.0,29.0,1.0,1.0,1.0,1.0,0.0,29.0,0.0,31.0,0.0,0.878,0.878,0.0,0.0,0.0,0.0,66.0,0.0,0.0,0.0,0.03225806451612903,1.0,1.0,31.0,2
87,87.0,270.0,70.0,520.0,0.0,0.0,29.0,1.0,1.0,1.0,1.0,0.0,29.0,0.0,31.0,0.0,0.878,0.878,0.0,0.0,0.0,0.0,66.0,0.0,0.0,0.0,0.03225806451612903,1.0,1.0,31.0,2
88,88.0,270.0,70.0,520.0,0.0,0.0,30.0,1.0,1.0,0.0,0.0,0.0,30.0,2.0,32.0,0.0,0.878,0.878,0.0,0.0,0.0,0.0,66.0,0.0,0.0,0.0,0.03125,1.0,1.0,32.0,2
89,89.0,270.0,70.0,520.0,0.0,0.0,30.0,1.0,1.0,0.0,0.0,0.0,30.0,2.0,32.0,0.0,0.878,0.878,0.0,0.0,0.0,0.0,66.0,0.0,0.0,0.0,0.03125,1.0,1.0,32.0,2
90,90.0,269.0,69.0,519.0,0.0,0.0,30.0,1.0,1.0,1.0,1.0,0.0,30.0,0.0,32.0,0.0,0.878,0.878,0.0,0.0,0.0,0.0,66.0,0.0,0.0,0.0,0.03125,1.0,1.0,32.0,2
91,91.0,269.0,69.0,519.0,0.0,0.0,30.0,1.0,1.0,1.0,1.0,0.0,30.0,0.0,32.0,0.0,0.878,0.878,0.0,0.0,0.0,0.0,66.0,0.0,0.0,0.0,0.03125,1.0,1.0,32.0,2
92,92.0,268.0,68.0,518.0,0.0,0.0,31.0,1.0,1.0,1.0,1.0,0.0,31.0,0.0,33.0,0.0,0.878,0.878,0.0,0.0,0.0,0.0,66.0,0.0,0.0,0.0,0.030303030303030304,1.0,1.0,33.0,2
93,93.0,268.0,68.0,518.0,0.0,0.0,31.0,1.0,1.0,1.0,1.0,0.0,31.0,0.0,33.0,0.0,0.878,0.878,0.0,0.0,0.0,0.0,66.0,0.0,0.0,0.0,0.030303030303030304,1.0,1.0,33.0,2
94,94.0,268.0,68.0,518.0,0.0,0.0,32.0,1.0,1.0,0.0,0.0,0.0,32.0,2.0,34.0,0.0,0.878,0.878,0.0,0.0,0.0,0.0,66.0,0.0,0.0,0.0,0.029411764705882353,1.0,1.0,34.0,2
95,95.0,268.0,68.0,518.0,0.0,0.0,32.0,1.0,1.0,0.0,0.0,0.0,32.0,2.0,34.0,0.0,0.878,0.878,0.0,0.0,0.0,0.0,66.0,0.0,0.0,0.0,0.029411764705882353,1.0,1.0,34.0,2
96,96.0,267.0,67.0,517.0,0.0,0.0,32.0,1.0,1.0,1.0,1.0,0.0,32.0,0.0,34.0,0.0,0.878,0.878,0.0,0.0,0.0,0.0,66.0,0.0,0.0,0.0,0.029411764705882353,1.0,1.0,34.0,2
97,97.0,267.0,67.0,517.0,0.0,0.0,32.0,1.0,1.0,1.0,1.0,0.0,32.0,0.0,34.0,0.0,0.878,0.878,0.0,0.0,0.0,0.0,66.0,0.0,0.0,0.0,0.029411764705882353,1.0,1.0,34.0,2
98,98.0,266.0,66.0,516.0,0.0,0.0,33.0,1.0,1.0,1.0,1.0,0.0,33.0,0.0,35.0,0.0,0.878,0.878,0.0,0.0,0.0,0.0,66.0,0.0,0.0,0.0,0.02857142857142857,1.0,1.0,35.0,2
99,99.0,266.0,66.0,516.0,0.0,0.0,33.0,1.0,1.0,1.0,1.0,0.0,33.0,0.0,35.0,0.0,0.878,0.878,0.0,0.0,0.0,0.0,66.0,0.0,0.0,0.0,0.02857142857142857,1.0,1.0,35.0,2
100,100.0,266.0,66.0,516.0,0.0,0.0,34.0,1.0,1.0,0.0,0.0,0.0,34.0,2.0,36.0,0.0,0.878,0.878,0.0,0.0,0.0,0.0,66.0,0.0,0.0,0.0,0.027777777777777776,1.0,1.0,36.0,2
101,101.0,266.0,66.0,516.0,0.0,0.0,34.0,1.0,1.0,0.0,0.0,0.0,34.0,2.0,36.0,0.0,0.878,0.878,0.0,0.0,0.0,0.0,66.0,0.0,0.0,0.0,0.027777777777777776,1.0,1.0,36.0,2
102,102.0,265.0,65.0,515.0,0.0,0.0,34.0,1.0,1.0,1.0,1.0,0.0,34.0,0.0,36.0,0.0,0.878,0.878,0.0,0.0,0.0,0.0,66.0,0.0,0.0,0.0,0.027777777777777776,1.0,1.0,36.0,2
103,103.0,265.0,65.0,515.0,0.0,0.0,34.0,1.0,1.0,1.0,1.0,0.0,34.0,0.0,36.0,0.0,0.878,0.878,0.0,0.0,0.0,0.0,66.0,0.0,0.0,0.0,0.027777777777777776,1.0,1.0,36.0,2
104,104.0,264.0,64.0,514.0,0.0,0.0,35.0,1.0,1.0,1.0,1.0,0.0,35.0,0.0,37.0,0.0,0.878,0.878,0.0,0.0,0.0,0.0,66.0,0.0,0.0,0.0,0.02702702702702703,1.0,1.0,37.0,2
105,105.0,264.0,64.0,514.0,0.0,0.0,35.0,1.0,1.0,1.0,1.0,0.0,35.0,0.0,37.0,0.0,0.878,0.878,0.0,0.0,0.0,0.0,66.0,0.0,0.0,0.0,0.02702702702702703,1.0,1.0,37.0,2
106,106.0,264.0,64.0,514.0,0.0,0.0,36.0,1.0,1.0,0.0,0.0,0.0,36.0,2.0,38.0,0.0,0.878,0.878,0.0,0.0,0.0,0.0,66.0,0.0,0.0,0.0,0.02631578947368421,1.0,1.0,38.0,2
107,107.0,264.0,64.0,514.0,0.0,0.0,36.0,1.0,1.0,0.0,0.0,0.0,36.0,2.0,38.0,0.0,0.878,0.878,0.0,0.0,0.0,0.0,66.0,0.0,0.0,0.0,0.02631578947368421,1.0,1.0,38.0,2
108,108.0,263.0,63.0,513.0,0.0,0.0,36.0,1.0,1.0,1.0,1.0,0.0,36.0,0.0,38.0,0.0,0.878,0.878,0.0,0.0,0.0,0.0,66.0,0.0,0.0,0.0,0.02631578947368421,1.0,1.0,38.0,2
109,109.0,263.0,63.0,513.0,0.0,0.0,36.0,1.0,1.0,1.0,1.0,0.0,36.0,0.0,38.0,0.0,0.878,0.878,0.0,0.0,0.0,0.0,66.0,0.0,0.0,0.0,0.02631578947368421,1.0,1.0,38.0,2
110,110.0,262.0,62.0,512.0,0.0,0.0,37.0,1.0,1.0,1.0,1.0,0.0,37.0,0.0,39.0,0.0,0.878,0.878,0.0,0.0,0.0,0.0,66.0,0.0,0.0,0.0,0.02564102564102564,1.0,1.0,39.0,2
111,111.0,262.0,62.0,512.0,0.0,0.0,37.0,1.0,1.0,1.0,1.0,0.0,37.0,0.0,39.0,0.0,0.878,0.878,0.0,0.0,0.0,0.0,66.0,0.0,0.0,0.0,0.02564102564102564,1.0,1.0,39.0,2
112,112.0,262.0,62.0,512.0,0.0,0.0,38.0,1.0,1.0,0.0,0.0,0.0,38.0,2.0,40.0,0.0,0.878,0.878,0.0,0.0,0.0,0.0,66.0,0.0,0.0,0.0,0.025,1.0,1.0,40.0,2
113,113.0,262.0,62.0,512.0,0.0,0.0,38.0,1.0,1.0,0.0,0.0,0.0,38.0,2.0,40.0,0.0,0.878,0.878,0.0,0.0,0.0,0.0,66.0,0.0,0.0,0.0,0.025,1.0,1.0,40.0,2
114,114.0,261.0,61.0,511.0,0.0,0.0,38.0,1.0,1.0,1.0,1.0,0.0,38.0,0.0,40.0,0.0,0.878,0.878,0.0,0.0,0.0,0.0,66.0,0.0,0.0,0.0,0.025,1.0,1.0,40.0,2
115,115.0,261.0,61.0,511.0,0.0,0.0,38.0,1.0,1.0,1.0,1.0,0.0,38.0,0.0,40.0,0.0,0.878,0.878,0.0,0.0,0.0,0.0,66.0,0.0,0.0,0.0,0.025,1.0,1.0,40.0,2
116,116.0,260.0,60.0,510.0,0.0,0.0,39.0,1.0,1.0,1.0,1.0,0.0,39.0,0.0,41.0,0.0,0.878,0.878,0.0,0.0,0.0,0.0,66.0,0.0,0.0,0.0,0.024390243902439025,1.0,1.0,41.0,2
117,117.0,260.0,60.0,510.0,0.0,0.0,39.0,1.0,1.0,1.0,1.0,0.0,39.0,0.0,41.0,0.0,0.878,0.878,0.0,0.0,0.0,0.0,66.0,0.0,0.0,0.0,0.024390243902439025,1.0,1.0,41.0,2
118,118.0,260.0,60.0,510.0,0.0,0.0,40.0,1.0,1.0,0.0,0.0,0.0,40.0,2.0,42.0,0.0,0.878,0.878,0.0,0.0,0.0,0.0,66.0,0.0,0.0,0.0,0.023809523809523808,1.0,1.0,42.0,2
119,119.0,260.0,60.0,510.0,0.0,0.0,40.0,1.0,1.0,0.0,0.0,0.0,40.0,2.0,42.0,0.0,0.878,0.878,0.0,0.0,0.0,0.0,66.0,0.0,0.0,0.0,0.023809523809523808,1.0,1.0,42.0,2
120,120.0,259.0,59.0,509.0,0.0,0.0,40.0,1.0,1.0,1.0,1.0,0.0,40.0,0.0,42.0,0.0,0.878,0.878,0.0,0.0,0.0,0.0,66.0,0.0,0.0,0.0,0.023809523809523808,1.0,1.0,42.0,2
121,121.0,259.0,59.0,509.0,0.0,0.0,40.0,1.0,1.0,1.0,1.0,0.0,40.0,0.0,42.0,0.0,0.878,0.878,0.0,0.0,0.0,0.0,66.0,0.0,0.0,0.0,0.023809523809523808,1.0,1.0,42.0,2
122,122.0,258.0,58.0,508.0,0.0,0.0,41.0,1.0,1.0,1.0,1.0,0.0,41.0,0.0,43.0,0.0,0.878,0.878,0.0,0.0,0.0,0.0,66.0,0.0,0.0,0.0,0.023255813953488372,1.0,1.0,43.0,2
123,123.0,258.0,58.0,508.0,0.0,0.0,41.0,1.0,1.0,1.0,1.0,0.0,41.0,0.0,43.0,0.0,0.878,0.878,0.0,0.0,0.0,0.0,66.0,0.0,0.0,0.0,0.023255813953488372,1.0,1.0,43.0,2
124,124.0,258.0,58.0,508.0,0.0,0.0,42.0,1.0,1.0,0.0,0.0,0.0,42.0,2.0,44.0,0.0,0.878,0.878,0.0,0.0,0.0,0.0,66.0,0.0,0.0,0.0,0.022727272727272728,1.0,1.0,44.0,2
125,125.0,258.0,58.0,508.0,0.0,0.0,42.0,1.0,1.0,0.0,0.0,0.0,42.0,2.0,44.0,0.0,0.878,0.878,0.0,0.0,0.0,0.0,66.0,0.0,0.0,0.0,0.022727272727272728,1.0,1.0,44.0,2
126,126.0,257.0,57.0,507.0,0.0,0.0,42.0,1.0,1.0,1.0,1.0,0.0,42.0,0.0,44.0,0.0,0.878,0.878,0.0,0.0,0.0,0.0,66.0,0.0,0.0,0.0,0.022727272727272728,1.0,1.0,44.0,2
127,127.0,257.0,57.0,507.0,0.0,0.0,42.0,1.0,1.0,1.0,1.0,0.0,42.0,0.0,44.0,0.0,0.878,0.878,0.0,0.0,0.0,0.0,66.0,0.0,0.0,0.0,0.022727272727272728,1.0,1.0,44.0,2
128,128.0,256.0,56.0,506.0,0.0,0.0,43.0,1.0,1.0,1.0,1.0,0.0,43.0,0.0,45.0,0.0,0.878,0.878,0.0,0.0,0.0,0.0,66.0,0.0,0.0,0.0,0.022222222222222223,1.0,1.0,45.0,2
129,129.0,256.0,56.0,506.0,0.0,0.0,43.0,1.0,1.0,1.0,1.0,0.0,43.0,0.0,45.0,0.0,0.878,0.878,0.0,0.0,0.0,0.0,66.0,0.0,0.0,0.0,0.022222222222222223,1.0,1.0,45.0,2
130,130.0,256.0,56.0,506.0,0.0,0.0,44.0,1.0,1.0,0.0,0.0,0.0,44.0,2.0,46.0,0.0,0.878,0.878,0.0,0.0,0.0,0.0,66.0,0.0,0.0,0.0,0.021739130434782608,1.0,1.0,46.0,2
131,131.0,256.0,56.0,506.0,0.0,0.0,44.0,1.0,1.0,0.0,0.0,0.0,44.0,2.0,46.0,0.0,0.878,0.878,0.0,0.0,0.0,0.0,66.0,0.0,0.0,0.0,0.021739130434782608,1.0,1.0,46.0,2
132,132.0,255.0,55.0,505.0,0.0,0.0,44.0,1.0,1.0,1.0,1.0,0.0,44.0,0.0,46.0,0.0,0.878,0.878,0.0,0.0,0.0,0.0,66.0,0.0,0.0,0.0,0.021739130434782608,1.0,1.0,46.0,2
133,133.0,255.0,55.0,505.0,0.0,0.0,44.0,1.0,1.0,1.0,1.0,0.0,44.0,0.0,46.0,0.0,0.878,0.878,0.0,0.0,0.0,0.0,66.0,0.0,0.0,0.0,0.021739130434782608,1.0,1.0,46.0,2
134,134.0,254.0,54.0,504.0,0.0,0.0,45.0,1.0,1.0,1.0,1.0,0.0,45.0,0.0,47.0,0.0,0.878,0.878,0.0,0.0,0.0,0.0,66.0,0.0,0.0,0.0,0.02127659574468085,1.0,1.0,47.0,2
135,135.0,254.0,54.0,504.0,0.0,0.0,45.0,1.0,1.0,1.0,1.0,0.0,45.0,0.0,47.0,0.0,0.878,0.878,0.0,0.0,0.0,0.0,66.0,0.0,0.0,0.0,0.02127659574468085,1.0,1.0,47.0,2
136,136.0,254.0,54.0,504.0,0.0,0.0,46.0,1.0,1.0,0.0,0.0,0.0,46.0,2.0,48.0,0.0,0.878,0.878,0.0,0.0,0.0,0.0,66.0,0.0,0.0,0.0,0.020833333333333332,1.0,1.0,48.0,2
137,137.0,254.0,54.0,504.0,0.0,0.0,46.0,1.0,1.0,0.0,0.0,0.0,46.0,2.0,48.0,0.0,0.878,0.878,0.0,0.0,0.0,0.0,66.0,0.0,0.0,0.0,0.020833333333333332,1.0,1.0,48.0,2
138,138.0,253.0,53.0,503.0,0.0,0.0,46.0,1.0,1.0,1.0,1.0,0.0,46.0,0.0,48.0,0.0,0.878,0.878,0.0,0.0,0.0,0.0,66.0,0.0,0.0,0.0,0.020833333333333332,1.0,1.0,48.0,2
139,139.0,253.0,53.0,503.0,0.0,0.0,46.0,1.0,1.0,1.0,1.0,0.0,46.0,0.0,48.0,0.0,0.878,0.878,0.0,0.0,0.0,0.0,66.0,0.0,0.0,0.0,0.020833333333333332,1.0,1.0,48.0,2
140,140.0,252.0,52.0,502.0,0.0,0.0,47.0,1.0,1.0,1.0,1.0,0.0,47.0,0.0,49.0,0.0,0.878,0.878,0.0,0.0,0.0,0.0,66.0,0.0,0.0,0.0,0.02040816326530612,1.0,1.0,49.0,2
141,141.0,252.0,52.0,502.0,0.0,0.0,47.0,1.0,1.0,1.0,1.0,0.0,47.0,0.0,49.0,0.0,0.878,0.878,0.0,0.0,0.0,0.0,66.0,0.0,0.0,0.0,0.02040816326530612,1.0,1.0,49.0,2
142,142.0,252.0,52.0,502.0,0.0,0.0,48.0,1.0,1.0,0.0,0.0,0.0,48.0,2.0,50.0,0.0,0.878,0.878,0.0,0.0,0.0,0.0,66.0,0.0,0.0,0.0,0.02,1.0,1.0,50.0,2
143,143.0,252.0,52.0,502.0,0.0,0.0,48.0,1.0,1.0,0.0,0.0,0.0,48.0,2.0,50.0,0.0,0.878,0.878,0.0,0.0,0.0,0.0,66.0,0.0,0.0,0.0,0.02,1.0,1.0,50.0,2
144,144.0,251.0,51.0,501.0,0.0,0.0,48.0,1.0,1.0,1.0,1.0,0.0,48.0,0.0,50.0,0.0,0.878,0.878,0.0,0.0,0.0,0.0,66.0,0.0,0.0,0.0,0.02,1.0,1.0,50.0,2
145,145.0,251.0,51.0,501.0,0.0,0.0,48.0,1.0,1.0,1.0,1.0,0.0,48.0,0.0,50.0,0.0,0.878,0.878,0.0,0.0,0.0,0.0,66.0,0.0,0.0,0.0,0.02,1.0,1.0,50.0,2
146,146.0,250.0,50.0,500.0,0.0,0.0,49.0,1.0,1.0,1.0,1.0,0.0,49.0,0.0,51.0,0.0,0.878,0.878,0.0,0.0,0.0,0.0,66.0,0.0,0.0,0.0,0.0196078431372549,1.0,1.0,51.0,2
147,147.0,250.0,50.0,500.0,0.0,0.0,49.0,1.0,1.0,1.0,1.0,0.0,49.0,0.0,51.0,0.0,0.878,0.878,0.0,0.0,0.0,0.0,66.0,0.0,0.0,0.0,0.0196078431372549,1.0,1.0,51.0,2
148,148.0,250.0,50.0,500.0,0.0,0.0,50.0,1.0,1.0,0.0,0.0,0.0,50.0,2.0,52.0,0.0,0.878,0.878,0.0,0.0,0.0,0.0,66.0,0.0,0.0,0.0,0.019230769230769232,1.0,1.0,52.0,2
149,149.0,250.0,50.0,500.0,0.0,0.0,50.0,1.0,1.0,0.0,0.0,0.0,50.0,2.0,52.0,0.0,0.878,0.878,0.0,0.0,0.0,0.0,66.0,0.0,0.0,0.0,0.019230769230769232,1.0,1.0,52.0,2
150,150.0,249.0,49.0,499.0,0.0,0.0,50.0,1.0,1.0,1.0,1.0,0.0,50.0,0.0,52.0,0.0,0.878,0.878,0.0,0.0,0.0,0.0,66.0,0.0,0.0,0.0,0.019230769230769232,1.0,1.0,52.0,2
151,151.0,249.0,49.0,499.0,0.0,0.0,50.0,1.0,1.0,1.0,1.0,0.0,50.0,0.0,52.0,0.0,0.878,0.878,0.0,0.0,0.0,0.0,66.0,0.0,0.0,0.0,0.019230769230769232,1.0,1.0,52.0,2
152,152.0,248.0,48.0,498.0,0.0,0.0,51.0,1.0,1.0,1.0,1.0,0.0,51.0,0.0,53.0,0.0,0.878,0.878,0.0,0.0,0.0,0.0,66.0,0.0,0.0,0.0,0.018867924528301886,1.0,1.0,53.0,2
153,153.0,248.0,48.0,498.0,0.0,0.0,51.0,1.0,1.0,1.0,1.0,0.0,51.0,0.0,53.0,0.0,0.878,0.878,0.0,0.0,0.0,0.0,66.0,0.0,0.0,0.0,0.018867924528301886,1.0,1.0,53.0,2
154,154.0,248.0,48.0,498.0,0.0,0.0,52.0,1.0,1.0,0.0,0.0,0.0,52.0,2.0,54.0,0.0,0.878,0.878,0.0,0.0,0.0,0.0,66.0,0.0,0.0,0.0,0.018518518518518517,1.0,1.0,54.0,2
155,155.0,248.0,48.0,498.0,0.0,0.0,52.0,1.0,1.0,0.0,0.0,0.0,52.0,2.0,54.0,0.0,0.878,0.878,0.0,0.0,0.0,0.0,66.0,0.0,0.0,0.0,0.018518518518518517,1.0,1.0,54.0,2
156,156.0,247.0,47.0,497.0,0.0,0.0,52.0,1.0,1.0,1.0,1.0,0.0,52.0,0.0,54.0,0.0,0.878,0.878,0.0,0.0,0.0,0.0,66.0,0.0,0.0,0.0,0.018518518518518517,1.0,1.0,54.0,2
157,157.0,247.0,47.0,497.0,0.0,0.0,52.0,1.0,1.0,1.0,1.0,0.0,52.0,0.0,54.0,0.0,0.878,0.878,0.0,0.0,0.0,0.0,66.0,0.0,0.0,0.0,0.018518518518518517,1.0,1.0,54.0,2
158,158.0,246.0,46.0,496.0,0.0,0.0,53.0,1.0,1.0,1.0,1.0,0.0,53.0,0.0,55.0,0.0,0.878,0.878,0.0,0.0,0.0,0.0,66.0,0.0,0.0,0.0,0.01818181818181818,1.0,1.0,55.0,2
159,159.0,246.0,46.0,496.0,0.0,0.0,53.0,1.0,1.0,1.0,1.0,0.0,53.0,0.0,55.0,0.0,0.878,0.878,0.0,0.0,0.0,0.0,66.0,0.0,0.0,0.0,0.01818181818181818,1.0,1.0,55.0,2
160,160.0,246.0,46.0,496.0,0.0,0.0,54.0,1.0,1.0,0.0,0.0,0.0,54.0,2.0,56.0,0.0,0.878,0.878,0.0,0.0,0.0,0.0,66.0,0.0,0.0,0.0,0.017857142857142856,1.0,1.0,56.0,2
161,161.0,246.0,46.0,496.0,0.0,0.0,54.0,1.0,1.0,0.0,0.0,0.0,54.0,2.0,56.0,0.0,0.878,0.878,0.0,0.0,0.0,0.0,66.0,0.0,0.0,0.0,0.017857142857142856,1.0,1.0,56.0,2
162,162.0,245.0,45.0,495.0,0.0,0.0,54.0,1.0,1.0,1.0,1.0,0.0,54.0,0.0,56.0,0.0,0.878,0.878,0.0,0.0,0.0,0.0,66.0,0.0,0.0,0.0,0.017857142857142856,1.0,1.0,56.0,2
163,163.0,245.0,45.0,495.0,0.0,0.0,54.0,1.0,1.0,1.0,1.0,0.0,54.0,0.0,56.0,0.0,0.878,0.878,0.0,0.0,0.0,0.0,66.0,0.0,0.0,0.0,0.017857142857142856,1.0,1.0,56.0,2
164,164.0,244.0,44.0,494.0,0.0,0.0,55.0,1.0,1.0,1.0,1.0,0.0,55.0,0.0,57.0,0.0,0.878,0.878,0.0,0.0,0.0,0.0,66.0,0.0,0.0,0.0,0.017543859649122806,1.0,1.0,57.0,2
165,165.0,244.0,44.0,494.0,0.0,0.0,55.0,1.0,1.0,1.0,1.0,0.0,55.0,0.0,57.0,0.0,0.878,0.878,0.0,0.0,0.0,0.0,66.0,0.0,0.0,0.0,0.017543859649122806,1.0,1.0,57.0,2
166,166.0,244.0,44.0,494.0,0.0,0.0,56.0,1.0,1.0,0.0,0.0,0.0,56.0,2.0,58.0,0.0,0.878,0.878,0.0,0.0,0.0,0.0,66.0,0.0,0.0,0.0,0.017241379310344827,1.0,1.0,58.0,2
167,167.0,244.0,44.0,494.0,0.0,0.0,56.0,1.0,1.0,0.0,0.0,0.0,56.0,2.0,58.0,0.0,0.878,0.878,0.0,0.0,0.0,0.0,66.0,0.0,0.0,0.0,0.017241379310344827,1.0,1.0,58.0,2
168,168.0,243.0,43.0,493.0,0.0,0.0,56.0,1.0,1.0,1.0,1.0,0.0,56.0,0.0,58.0,0.0,0.878,0.878,0.0,0.0,0.0,0.0,66.0,0.0,0.0,0.0,0.017241379310344827,1.0,1.0,58.0,2
169,169.0,243.0,43.0,493.0,0.0,0.0,56.0,1.0,1.0,1.0,1.0,0.0,56.0,0.0,58.0,0.0,0.878,0.878,0.0,0.0,0.0,0.0,66.0,0.0,0.0,0.0,0.017241379310344827,1.0,1.0,58.0,2
170,170.0,242.0,42.0,492.0,0.0,0.0,57.0,1.0,1.0,1.0,1.0,0.0,57.0,0.0,59.0,0.0,0.878,0.878,0.0,0.0,0.0,0.0,66.0,0.0,0.0,0.0,0.01694915254237288,1.0,1.0,59.0,2
171,171.0,242.0,42.0,492.0,0.0,0.0,57.0,1.0,1.0,1.0,1.0,0.0,57.0,0.0,59.0,0.0,0.878,0.878,0.0,0.0,0.0,0.0,66.0,0.0,0.0,0.0,0.01694915254237288,1.0,1.0,59.0,2
172,172.0,242.0,42.0,492.0,0.0,0.0,58.0,1.0,1.0,0.0,0.0,0.0,58.0,2.0,60.0,0.0,0.878,0.878,0.0,0.0,0.0,0.0,66.0,0.0,0.0,0.0,0.016666666666666666,1.0,1.0,60.0,2
173,173.0,242.0,42.0,492.0,0.0,0.0,58.0,1.0,1.0,0.0,0.0,0.0,58.0,2.0,60.0,0.0,0.878,0.878,0.0,0.0,0.0,0.0,66.0,0.0,0.0,0.0,0.016666666666666666,1.0,1.0,60.0,2
174,174.0,241.0,41.0,491.0,0.0,0.0,58.0,1.0,1.0,1.0,1.0,0.0,58.0,0.0,60.0,0.0,0.878,0.878,0.0,0.0,0.0,0.0,66.0,0.0,0.0,0.0,0.016666666666666666,1.0,1.0,60.0,2
175,175.0,241.0,41.0,491.0,0.0,0.0,58.0,1.0,1.0,1.0,1.0,0.0,58.0,0.0,60.0,0.0,0.878,0.878,0.0,0.0,0.0,0.0,66.0,0.0,0.0,0.0,0.016666666666666666,1.0,1.0,60.0,2
176,176.0,240.0,40.0,490.0,0.0,0.0,59.0,1.0,1.0,1.0,1.0,0.0,59.0,0.0,61.0,0.0,0.878,0.878,0.0,0.0,0.0,0.0,66.0,0.0,0.0,0.0,0.01639344262295082,1.0,1.0,61.0,2
177,177.0,240.0,40.0,490.0,0.0,0.0,59.0,1.0,1.0,1.0,1.0,0.0,59.0,0.0,61.0,0.0,0.878,0.878,0.0,0.0,0.0,0.0,66.0,0.0,0.0,0.0,0.01639344262295082,1.0,1.0,61.0,2
178,178.0,240.0,40.0,490.0,0.0,0.0,60.0,1.0,1.0,0.0,0.0,0.0,60.0,2.0,62.0,0.0,0.878,0.878,0.0,0.0,0.0,0.0,66.0,0.0,0.0,0.0,0.016129032258064516,1.0,1.0,62.0,2
179,179.0,240.0,40.0,490.0,0.0,0.0,60.0,1.0,1.0,0.0,0.0,0.0,60.0,2.0,62.0,0.0,0.878,0.878,0.0,0.0,0.0,0.0,66.0,0.0,0.0,0.0,0.016129032258064516,1.0,1.0,62.0,2
180,180.0,239.0,39.0,489.0,0.0,0.0,60.0,1.0,1.0,1.0,1.0,0.0,60.0,0.0,62.0,0.0,0.878,0.878,0.0,0.0,0.0,0.0,66.0,0.0,0.0,0.0,0.016129032258064516,1.0,1.0,62.0,2
181,181.0,239.0,39.0,489.0,0.0,0.0,60.0,1.0,1.0,1.0,1.0,0.0,60.0,0.0,62.0,0.0,0.878,0.878,0.0,0.0,0.0,0.0,66.0,0.0,0.0,0.0,0.016129032258064516,1.0,1.0,62.0,2
182,182.0,238.0,38.0,488.0,0.0,0.0,61.0,1.0,1.0,1.0,1.0,0.0,61.0,0.0,63.0,0.0,0.878,0.878,0.0,0.0,0.0,0.0,66.0,0.0,0.0,0.0,0.015873015873015872,1.0,1.0,63.0,2
183,183.0,238.0,38.0,488.0,0.0,0.0,61.0,1.0,1.0,1.0,1.0,0.0,61.0,0.0,63.0,0.0,0.878,0.878,0.0,0.0,0.0,0.0,66.0,0.0,0.0,0.0,0.015873015873015872,1.0,1.0,63.0,2
184,184.0,238.0,38.0,488.0,0.0,0.0,62.0,1.0,1.0,0.0,0.0,0.0,62.0,2.0,64.0,0.0,0.878,0.878,0.0,0.0,0.0,0.0,66.0,0.0,0.0,0.0,0.015625,1.0,1.0,64.0,2
185,185.0,238.0,38.0,488.0,0.0,0.0,62.0,1.0,1.0,0.0,0.0,0.0,62.0,2.0,64.0,0.0,0.878,0.878,0.0,0.0,0.0,0.0,66.0,0.0,0.0,0.0,0.015625,1.0,1.0,64.0,2
186,186.0,237.0,37.0,487.0,0.0,0.0,62.0,1.0,1.0,1.0,1.0,0.0,62.0,0.0,64.0,0.0,0.878,0.878,0.0,0.0,0.0,0.0,66.0,0.0,0.0,0.0,0.015625,1.0,1.0,64.0,2
187,187.0,237.0,37.0,487.0,0.0,0.0,62.0,1.0,1.0,1.0,1.0,0.0,62.0,0.0,64.0,0.0,0.878,0.878,0.0,0.0,0.0,0.0,66.0,0.0,0.0,0.0,0.015625,1.0,1.0,64.0,2
188,188.0,236.0,36.0,486.0,0.0,0.0,63.0,1.0,1.0,1.0,1.0,0.0,63.0,0.0,65.0,0.0,0.878,0.878,0.0,0.0,0.0,0.0,66.0,0.0,0.0,0.0,0.015384615384615385,1.0,1.0,65.0,2
189,189.0,236.0,36.0,486.0,0.0,0.0,63.0,1.0,1.0,1.0,1.0,0.0,63.0,0.0,65.0,0.0,0.878,0.878,0.0,0.0,0.0,0.0,66.0,0.0,0.0,0.0,0.015384615384615385,1.0,1.0,65.0,2
190,190.0,236.0,36.0,486.0,0.0,0.0,64.0,1.0,1.0,0.0,0.0,0.0,64.0,2.0,66.0,0.0,0.878,0.878,0.0,0.0,0.0,0.0,66.0,0.0,0.0,0.0,0.015151515151515152,1.0,1.0,66.0,2
191,191.0,236.0,36.0,486.0,0.0,0.0,64.0,1.0,1.0,0.0,0.0,0.0,64.0,2.0,66.0,0.0,0.878,0.878,0.0,0.0,0.0,0.0,66.0,0.0,0.0,0.0,0.015151515151515152,1.0,1.0,66.0,2
192,192.0,235.0,35.0,485.0,0.0,0.0,64.0,1.0,1.0,1.0,1.0,0.0,64.0,0.0,66.0,0.0,0.878,0.878,0.0,0.0,0.0,0.0,66.0,0.0,0.0,0.0,0.015151515151515152,1.0,1.0,66.0,2
193,193.0,235.0,35.0,485.0,0.0,0.0,64.0,1.0,1.0,1.0,1.0,0.0,64.0,0.0,66.0,0.0,0.878,0.878,0.0,0.0,0.0,0.0,66.0,0.0,0.0,0.0,0.015151515151515152,1.0,1.0,66.0,2
194,194.0,234.0,34.0,484.0,0.0,0.0,65.0,1.0,1.0,1.0,1.0,0.0,65.0,0.0,67.0,0.0,0.878,0.878,0.0,0.0,0.0,0.0,66.0,0.0,0.0,0.0,0.014925373134328358,1.0,1.0,67.0,2
195,195.0,234.0,34.0,484.0,0.0,0.0,65.0,1.0,1.0,1.0,1.0,0.0,65.0,0.0,67.0,0.0,0.878,0.878,0.0,0.0,0.0,0.0,66.0,0.0,0.0,0.0,0.014925373134328358,1.0,1.0,67.0,2
196,196.0,234.0,34.0,484.0,0.0,0.0,66.0,1.0,1.0,0.0,0.0,0.0,66.0,2.0,68.0,0.0,0.878,0.878,0.0,0.0,0.0,0.0,66.0,0.0,0.0,0.0,0.014705882352941176,1.0,1.0,68.0,2
197,197.0,234.0,34.0,484.0,0.0,0.0,66.0,1.0,1.0,0.0,0.0,0.0,66.0,2.0,68.0,0.0,0.878,0.878,0.0,0.0,0.0,0.0,66.0,0.0,0.0,0.0,0.014705882352941176,1.0,1.0,68.0,2
198,198.0,233.0,33.0,483.0,0.0,0.0,66.0,1.0,1.0,1.0,1.0,0.0,66.0,0.0,68.0,0.0,0.878,0.878,0.0,0.0,0.0,0.0,66.0,0.0,0.0,0.0,0.014705882352941176,1.0,1.0,68.0,2
199,199.0,233.0,33.0,483.0,0.0,0.0,66.0,1.0,1.0,1.0,1.0,0.0,66.0,0.0,68.0,0.0,0.878,0.878,0.0,0.0,0.0,0.0,66.0,0.0,0.0,0.0,0.014705882352941176,1.0,1.0,68.0,2
200,200.0,232.0,32.0,482.0,0.0,0.0,67.0,1.0,1.0,1.0,1.0,0.0,67.0,0.0,69.0,0.0,0.878,0.878,0.0,0.0,0.0,0.0,66.0,0.0,0.0,0.0,0.014492753623188406,1.0,1.0,69.0,2
201,201.0,232.0,32.0,482.0,0.0,0.0,67.0,1.0,1.0,1.0,1.0,0.0,67.0,0.0,69.0,0.0,0.878,0.878,0.0,0.0,0.0,0.0,66.0,0.0,0.0,0.0,0.014492753623188406,1.0,1.0,69.0,2
202,202.0,232.0,32.0,482.0,0.0,0.0,68.0,1.0,1.0,0.0,0.0,0.0,68.0,2.0,70.0,0.0,0.878,0.878,0.0,0.0,0.0,0.0,66.0,0.0,0.0,0.0,0.014285714285714285,1.0,1.0,70.0,2
203,203.0,232.0,32.0,482.0,0.0,0.0,68.0,1.0,1.0,0.0,0.0,0.0,68.0,2.0,70.0,0.0,0.878,0.878,0.0,0.0,0.0,0.0,66.0,0.0,0.0,0.0,0.014285714285714285,1.0,1.0,70.0,2
204,204.0,231.0,31.0,481.0,0.0,0.0,68.0,1.0,1.0,1.0,1.0,0.0,68.0,0.0,70.0,0.0,0.878,0.878,0.0,0.0,0.0,0.0,66.0,0.0,0.0,0.0,0.014285714285714285,1.0,1.0,70.0,2
205,205.0,231.0,31.0,481.0,0.0,0.0,68.0,1.0,1.0,1.0,1.0,0.0,68.0,0.0,70.0,0.0,0.878,0.878,0.0,0.0,0.0,0.0,66.0,0.0,0.0,0.0,0.014285714285714285,1.0,1.0,70.0,2
206,206.0,230.0,30.0,480.0,0.0,0.0,69.0,1.0,1.0,1.0,1.0,0.0,69.0,0.0,71.0,0.0,0.878,0.878,0.0,0.0,0.0,0.0,66.0,0.0,0.0,0.0,0.014084507042253521,1.0,1.0,71.0,2
207,207.0,230.0,30.0,480.0,0.0,0.0,69.0,1.0,1.0,1.0,1.0,0.0,69.0,0.0,71.0,0.0,0.878,0.878,0.0,0.0,0.0,0.0,66.0,0.0,0.0,0.0,0.014084507042253521,1.0,1.0,71.0,2
208,208.0,230.0,30.0,480.0,0.0,0.0,70.0,1.0,1.0,0.0,0.0,0.0,70.0,2.0,72.0,0.0,0.878,0.878,0.0,0.0,0.0,0.0,66.0,0.0,0.0,0.0,0.013888888888888888,1.0,1.0,72.0,2
209,209.0,230.0,30.0,480.0,0.0,0.0,70.0,1.0,1.0,0.0,0.0,0.0,70.0,2.0,72.0,0.0,0.878,0.878,0.0,0.0,0.0,0.0,66.0,0.0,0.0,0.0,0.013888888888888888,1.0,1.0,72.0,2
210,210.0,229.0,29.0,479.0,0.0,0.0,70.0,1.0,1.0,1.0,1.0,0.0,70.0,0.0,72.0,0.0,0.878,0.878,0.0,0.0,0.0,0.0,66.0,0.0,0.0,0.0,0.013888888888888888,1.0,1.0,72.0,2
211,211.0,229.0,29.0,479.0,0.0,0.0,70.0,1.0,1.0,1.0,1.0,0.0,70.0,0.0,72.0,0.0,0.878,0.878,0.0,0.0,0.0,0.0,66.0,0.0,0.0,0.0,0.013888888888888888,1.0,1.0,72.0,2
212,212.0,228.0,28.0,478.0,0.0,0.0,71.0,1.0,1.0,1.0,1.0,0.0,71.0,0.0,73.0,0.0,0.878,0.878,0.0,0.0,0.0,0.0,66.0,0.0,0.0,0.0,0.0136986301369863,1.0,1.0,73.0,2
213,213.0,228.0,28.0,478.0,0.0,0.0,71.0,1.0,1.0,1.0,1.0,0.0,71.0,0.0,73.0,0.0,0.878,0.878,0.0,0.0,0.0,0.0,66.0,0.0,0.0,0.0,0.0136986301369863,1.0,1.0,73.0,2
214,214.0,228.0,28.0,478.0,0.0,0.0,72.0,1.0,1.0,0.0,0.0,0.0,72.0,2.0,74.0,0.0,0.878,0.878,0.0,0.0,0.0,0.0,66.0,0.0,0.0,0.0,0.013513513513513514,1.0,1.0,74.0,2
215,215.0,228.0,28.0,478.0,0.0,0.0,72.0,1.0,1.0,0.0,0.0,0.0,72.0,2.0,74.0,0.0,0.878,0.878,0.0,0.0,0.0,0.0,66.0,0.0,0.0,0.0,0.013513513513513514,1.0,1.0,74.0,2
216,216.0,227.0,27.0,477.0,0.0,0.0,72.0,1.0,1.0,1.0,1.0,0.0,72.0,0.0,74.0,0.0,0.878,0.878,0.0,0.0,0.0,0.0,66.0,0.0,0.0,0.0,0.013513513513513514,1.0,1.0,74.0,2
217,217.0,227.0,27.0,477.0,0.0,0.0,72.0,1.0,1.0,1.0,1.0,0.0,72.0,0.0,74.0,0.0,0.878,0.878,0.0,0.0,0.0,0.0,66.0,0.0,0.0,0.0,0.013513513513513514,1.0,1.0,74.0,2
218,218.0,226.0,26.0,476.0,0.0,0.0,73.0,1.0,1.0,1.0,1.0,0.0,73.0,0.0,75.0,0.0,0.878,0.878,0.0,0.0,0.0,0.0,66.0,0.0,0.0,0.0,0.013333333333333334,1.0,1.0,75.0,2
219,219.0,226.0,26.0,476.0,0.0,0.0,73.0,1.0,1.0,1.0,1.0,0.0,73.0,0.0,75.0,0.0,0.878,0.878,0.0,0.0,0.0,0.0,66.0,0.0,0.0,0.0,0.013333333333333334,1.0,1.0,75.0,2
220,220.0,226.0,26.0,476.0,0.0,0.0,74.0,1.0,1.0,0.0,0.0,0.0,74.0,2.0,76.0,0.0,0.878,0.878,0.0,0.0,0.0,0.0,66.0,0.0,0.0,0.0,0.013157894736842105,1.0,1.0,76.0,2
221,221.0,226.0,26.0,476.0,0.0,0.0,74.0,1.0,1.0,0.0,0.0,0.0,74.0,2.0,76.0,0.0,0.878,0.878,0.0,0.0,0.0,0.0,66.0,0.0,0.0,0.0,0.013157894736842105,1.0,1.0,76.0,2
222,222.0,225.0,25.0,475.0,0.0,0.0,74.0,1.0,1.0,1.0,1.0,0.0,74.0,0.0,76.0,0.0,0.878,0.878,0.0,0.0,0.0,0.0,66.0,0.0,0.0,0.0,0.013157894736842105,1.0,1.0,76.0,2
223,223.0,225.0,25.0,475.0,0.0,0.0,74.0,1.0,1.0,1.0,1.0,0.0,74.0,0.0,76.0,0.0,0.878,0.878,0.0,0.0,0.0,0.0,66.0,0.0,0.0,0.0,0.013157894736842105,1.0,1.0,76.0,2
224,224.0,224.0,24.0,474.0,0.0,0.0,75.0,1.0,1.0,1.0,1.0,0.0,75.0,0.0,77.0,0.0,0.878,0.878,0.0,0.0,0.0,0.0,66.0,0.0,0.0,0.0,0.012987012987012988,1.0,1.0,77.0,2
225,225.0,224.0,24.0,474.0,0.0,0.0,75.0,1.0,1.0,1.0,1.0,0.0,75.0,0.0,77.0,0.0,0.878,0.878,0.0,0.0,0.0,0.0,66.0,0.0,0.0,0.0,0.012987012987012988,1.0,1.0,77.0,2
226,226.0,224.0,24.0,474.0,0.0,0.0,76.0,1.0,1.0,0.0,0.0,0.0,76.0,2.0,78.0,0.0,0.878,0.878,0.0,0.0,0.0,0.0,66.0,0.0,0.0,0.0,0.01282051282051282,1.0,1.0,78.0,2
227,227.0,224.0,24.0,474.0,0.0,0.0,76.0,1.0,1.0,0.0,0.0,0.0,76.0,2.0,78.0,0.0,0.878,0.878,0.0,0.0,0.0,0.0,66.0,0.0,0.0,0.0,0.01282051282051282,1.0,1.0,78.0,2
228,228.0,223.0,23.0,473.0,0.0,0.0,76.0,1.0,1.0,1.0,1.0,0.0,76.0,0.0,78.0,0.0,0.878,0.878,0.0,0.0,0.0,0.0,66.0,0.0,0.0,0.0,0.01282051282051282,1.0,1.0,78.0,2
229,229.0,223.0,23.0,473.0,0.0,0.0,76.0,1.0,1.0,1.0,1.0,0.0,76.0,0.0,78.0,0.0,0.878,0.878,0.0,0.0,0.0,0.0,66.0,0.0,0.0,0.0,0.01282051282051282,1.0,1.0,78.0,2
230,230.0,222.0,22.0,472.0,0.0,0.0,77.0,1.0,1.0,1.0,1.0,0.0,77.0,0.0,79.0,0.0,0.878,0.878,0.0,0.0,0.0,0.0,66.0,0.0,0.0,0.0,0.012658227848101266,1.0,1.0,79.0,2
231,231.0,222.0,22.0,472.0,0.0,0.0,77.0,1.0,1.0,1.0,1.0,0.0,77.0,0.0,79.0,0.0,0.878,0.878,0.0,0.0,0.0,0.0,66.0,0.0,0.0,0.0,0.012658227848101266,1.0,1.0,79.0,2
232,232.0,222.0,22.0,472.0,0.0,0.0,78.0,1.0,1.0,0.0,0.0,0.0,78.0,2.0,80.0,0.0,0.878,0.878,0.0,0.0,0.0,0.0,66.0,0.0,0.0,0.0,0.0125,1.0,1.0,80.0,2
233,233.0,222.0,22.0,472.0,0.0,0.0,78.0,1.0,1.0,0.0,0.0,0.0,78.0,2.0,80.0,0.0,0.878,0.878,0.0,0.0,0.0,0.0,66.0,0.0,0.0,0.0,0.0125,1.0,1.0,80.0,2
234,234.0,221.0,21.0,471.0,0.0,0.0,78.0,1.0,1.0,1.0,1.0,0.0,78.0,0.0,80.0,0.0,0.878,0.878,0.0,0.0,0.0,0.0,66.0,0.0,0.0,0.0,0.0125,1.0,1.0,80.0,2
235,235.0,221.0,21.0,471.0,0.0,0.0,78.0,1.0,1.0,1.0,1.0,0.0,78.0,0.0,80.0,0.0,0.878,0.878,0.0,0.0,0.0,0.0,66.0,0.0,0.0,0.0,0.0125,1.0,1.0,80.0,2
236,236.0,220.0,20.0,470.0,0.0,0.0,79.0,1.0,1.0,1.0,1.0,0.0,79.0,0.0,81.0,0.0,0.878,0.878,0.0,0.0,0.0,0.0,66.0,0.0,0.0,0.0,0.012345679012345678,1.0,1.0,81.0,2
237,237.0,220.0,20.0,470.0,0.0,0.0,79.0,1.0,1.0,1.0,1.0,0.0,79.0,0.0,81.0,0.0,0.878,0.878,0.0,0.0,0.0,0.0,66.0,0.0,0.0,0.0,0.012345679012345678,1.0,1.0,81.0,2
238,238.0,220.0,20.0,470.0,0.0,0.0,80.0,1.0,1.0,0.0,0.0,0.0,80.0,2.0,82.0,0.0,0.878,0.878,0.0,0.0,0.0,0.0,66.0,0.0,0.0,0.0,0.012195121951219513,1.0,1.0,82.0,2
239,239.0,220.0,20.0,470.0,0.0,0.0,80.0,1.0,1.0,0.0,0.0,0.0,80.0,2.0,82.0,0.0,0.878,0.878,0.0,0.0,0.0,0.0,66.0,0.0,0.0,0.0,0.012195121951219513,1.0,1.0,82.0,2
240,240.0,219.0,19.0,469.0,0.0,0.0,80.0,1.0,1.0,1.0,1.0,0.0,80.0,0.0,82.0,0.0,0.878,0.878,0.0,0.0,0.0,0.0,66.0,0.0,0.0,0.0,0.012195121951219513,1.0,1.0,82.0,2
241,241.0,219.0,19.0,469.0,0.0,0.0,80.0,1.0,1.0,1.0,1.0,0.0,80.0,0.0,82.0,0.0,0.878,0.878,0.0,0.0,0.0,0.0,66.0,0.0,0.0,0.0,0.012195121951219513,1.0,1.0,82.0,2
242,242.0,218.0,18.0,468.0,0.0,0.0,81.0,1.0,1.0,1.0,1.0,0.0,81.0,0.0,83.0,0.0,0.878,0.878,0.0,0.0,0.0,0.0,66.0,0.0,0.0,0.0,0.012048192771084338,1.0,1.0,83.0,2
243,243.0,218.0,18.0,468.0,0.0,0.0,81.0,1.0,1.0,1.0,1.0,0.0,81.0,0.0,83.0,0.0,0.878,0.878,0.0,0.0,0.0,0.0,66.0,0.0,0.0,0.0,0.012048192771084338,1.0,1.0,83.0,2
244,244.0,218.0,18.0,468.0,0.0,0.0,82.0,1.0,1.0,0.0,0.0,0.0,82.0,2.0,84.0,0.0,0.878,0.878,0.0,0.0,0.0,0.0,66.0,0.0,0.0,0.0,0.011904761904761904,1.0,1.0,84.0,2
245,245.0,218.0,18.0,468.0,0.0,0.0,82.0,1.0,1.0,0.0,0.0,0.0,82.0,2.0,84.0,0.0,0.878,0.878,0.0,0.0,0.0,0.0,66.0,0.0,0.0,0.0,0.011904761904761904,1.0,1.0,84.0,2
246,246.0,217.0,17.0,467.0,0.0,0.0,82.0,1.0,1.0,1.0,1.0,0.0,82.0,0.0,84.0,0.0,0.878,0.878,0.0,0.0,0.0,0.0,66.0,0.0,0.0,0.0,0.011904761904761904,1.0,1.0,84.0,2
247,247.0,217.0,17.0,467.0,0.0,0.0,82.0,1.0,1.0,1.0,1.0,0.0,82.0,0.0,84.0,0.0,0.878,0.878,0.0,0.0,0.0,0.0,66.0,0.0,0.0,0.0,0.011904761904761904,1.0,1.0,84.0,2
248,248.0,216.0,16.0,466.0,0.0,0.0,83.0,1.0,1.0,1.0,1.0,0.0,83.0,0.0,85.0,0.0,0.878,0.878,0.0,0.0,0.0,0.0,66.0,0.0,0.0,0.0,0.011764705882352941,1.0,1.0,85.0,2
249,249.0,216.0,16.0,466.0,0.0,0.0,83.0,1.0,1.0,1.0,1.0,0.0,83.0,0.0,85.0,0.0,0.878,0.878,0.0,0.0,0.0,0.0,66.0,0.0,0.0,0.0,0.011764705882352941,1.0,1.0,85.0,2
